{
    "train_loss": 0.17616059608459472,
    "train_acc": 0.9264500141143799,
    "step": 11,
    "val_loss": 0.2581053361415863,
    "val_acc": 0.8885999917984009
}
