{
    "train_loss": 0.22636759588718414,
    "train_acc": 0.9043999910354614,
    "step": 11,
    "val_loss": 0.3086223946094513,
    "val_acc": 0.8745999932289124
}
