{
    "train_loss": 0.2263842206954956,
    "train_acc": 0.9030500054359436,
    "step": 11,
    "val_loss": 0.411083541059494,
    "val_acc": 0.8335999846458435
}
