{
    "train_loss": 0.23557385647296905,
    "train_acc": 0.8995000123977661,
    "step": 11,
    "val_loss": 0.27387812387943267,
    "val_acc": 0.883400022983551
}
