step	train_loss
0	0.6405486921310425
2	0.5407380466938019
4	0.43954094800949095
6	0.3725793441295624
8	0.2951768135070801
10	0.23557385647296905
