step	train_acc
0	0.6600499749183655
2	0.753600001335144
4	0.8097500205039978
6	0.8439499735832214
8	0.87704998254776
10	0.9043999910354614
