step	train_loss
0	0.621754119682312
2	0.5022361639022828
4	0.41494898238182065
6	0.3530011885166168
8	0.28197463133335116
10	0.22636759588718414
