step	train_loss
0	0.5837982399940491
2	0.44534127950668334
4	0.32338017983436584
6	0.2582133692979813
8	0.2155203068971634
10	0.17616059608459472
