step	train_acc
0	0.6940500140190125
2	0.788100004196167
4	0.8353999853134155
6	0.8612499833106995
8	0.8830500245094299
10	0.9030500054359436
