step	train_acc
0	0.6880999803543091
2	0.7889999747276306
4	0.8578500151634216
6	0.8912500143051147
8	0.9088500142097473
10	0.9264500141143799
