step	train_loss
0	0.584093471622467
2	0.45434044165611265
4	0.3694810107707977
6	0.3137887113571167
8	0.26893769950866697
10	0.2263842206954956
