step	train_acc
0	0.6367499828338623
2	0.722000002861023
4	0.7973499894142151
6	0.8331500291824341
8	0.8713499903678894
10	0.8995000123977661
